Workbook

Sheet ASFData
A1: Asia | B1: Europe | C1: North America | D1: South America
A2: 14.5 | B2: 10 | C2: 31.5 | D2: 11
A3: 11.5 | B3: 4 | C3: 10.5 | D3: 7
A4: 5.5 | B4: 1 | C4: 4.5 | D4: 6
A5: 2.5 | B5: 0 | C5: 4.5 | D5: 4
A6: 0.5 | B6: 2 | C6: 0.5 | D6: 1
A7: 0.5 | B7: 2 | C7: 0.5 | D7: 1
A8: 0.5 | B8: 0 | C8: 2.5 | D8: 6
A9: 1.5 | B9: 0 | C9: 4.5 | D9: 9
A10: 2.5 | B10: 2 | C10: 4.5 | D10: 11
A11: 2.5 | B11: 3 | C11: 5.5 | D11: 16

Sheet AbsDiffs
A1: Asia | B1: Europe | C1: North America | D1: South America
A2: =ABS(Medians!A2- Medians!A13) -> 14.5 | B2: =ABS(Medians!B2- Medians!B13) -> 10 | C2: =ABS(Medians!C2- Medians!C13) -> 31.5 | D2: =ABS(Medians!D2- Medians!D13) -> 11
A3: =ABS(Medians!A3- Medians!A13) -> 11.5 | B3: =ABS(Medians!B3- Medians!B13) -> 4 | C3: =ABS(Medians!C3- Medians!C13) -> 10.5 | D3: =ABS(Medians!D3- Medians!D13) -> 7
A4: =ABS(Medians!A4- Medians!A13) -> 5.5 | B4: =ABS(Medians!B4- Medians!B13) -> 1 | C4: =ABS(Medians!C4- Medians!C13) -> 4.5 | D4: =ABS(Medians!D4- Medians!D13) -> 6
A5: =ABS(Medians!A5- Medians!A13) -> 2.5 | B5: =ABS(Medians!B5- Medians!B13) -> 0 | C5: =ABS(Medians!C5- Medians!C13) -> 4.5 | D5: =ABS(Medians!D5- Medians!D13) -> 4
A6: =ABS(Medians!A6- Medians!A13) -> 0.5 | B6: =ABS(Medians!B6- Medians!B13) -> 2 | C6: =ABS(Medians!C6- Medians!C13) -> 0.5 | D6: =ABS(Medians!D6- Medians!D13) -> 1
A7: =ABS(Medians!A7- Medians!A13) -> 0.5 | B7: =ABS(Medians!B7- Medians!B13) -> 2 | C7: =ABS(Medians!C7- Medians!C13) -> 0.5 | D7: =ABS(Medians!D7- Medians!D13) -> 1
A8: =ABS(Medians!A8- Medians!A13) -> 0.5 | B8: =ABS(Medians!B8- Medians!B13) -> 0 | C8: =ABS(Medians!C8- Medians!C13) -> 2.5 | D8: =ABS(Medians!D8- Medians!D13) -> 6
A9: =ABS(Medians!A9- Medians!A13) -> 1.5 | B9: =ABS(Medians!B9- Medians!B13) -> 0 | C9: =ABS(Medians!C9- Medians!C13) -> 4.5 | D9: =ABS(Medians!D9- Medians!D13) -> 9
A10: =ABS(Medians!A10- Medians!A13) -> 2.5 | B10: =ABS(Medians!B10- Medians!B13) -> 2 | C10: =ABS(Medians!C10- Medians!C13) -> 4.5 | D10: =ABS(Medians!D10- Medians!D13) -> 11
A11: =ABS(Medians!A11- Medians!A13) -> 2.5 | B11: =ABS(Medians!B11- Medians!B13) -> 3 | C11: =ABS(Medians!C11- Medians!C13) -> 5.5 | D11: =ABS(Medians!D11- Medians!D13) -> 16

Sheet Medians
A1: Asia | B1: Europe | C1: North America | D1: South America
A2: 61 | B2: 50 | C2: 66 | D2: 47
A3: 58 | B3: 44 | C3: 45 | D3: 43
A4: 52 | B4: 41 | C4: 39 | D4: 42
A5: 49 | B5: 40 | C5: 39 | D5: 40
A6: 47 | B6: 38 | C6: 35 | D6: 37
A7: 46 | B7: 38 | C7: 34 | D7: 35
A8: 46 | B8: 40 | C8: 32 | D8: 30
A9: 45 | B9: 40 | C9: 30 | D9: 27
A10: 44 | B10: 38 | C10: 30 | D10: 25
A11: 44 | B11: 37 | C11: 29 | D11: 20
A13: =MEDIAN(A2:A11) -> 46.5 | B13: =MEDIAN(B2:B11) -> 40 | C13: =MEDIAN(C2:C11) -> 34.5 | D13: =MEDIAN(D2:D11) -> 36

Sheet Levene
A1: LevenesTest | I1: Calculations
I2: c | J2: =COUNTA(ASFData!$1:$1) -> 4
A3: SUMMARY | I3: n | J3: =SUM(B5:B8) -> 40
A4: Groups | B4: Count | C4: Sum | D4: Average | E4: Variance
A5: Asia | B5: =COUNT(ASFData!$A:$A) -> 10 | C5: =SUM(ASFData!$A:$A) -> 42 | D5: =AVERAGE(ASFData!$A:$A) -> 4.2 | E5: =_xlfn.VAR.S(ASFData!$A:$A) -> 24.233333
A6: Europe | B6: =COUNT(ASFData!$B:$B) -> 10 | C6: =SUM(ASFData!$B:$B) -> 24 | D6: =AVERAGE(ASFData!$B:$B) -> 2.4 | E6: =_xlfn.VAR.S(ASFData!$B:$B) -> 8.9333333
A7: North America | B7: =COUNT(ASFData!$C:$C) -> 10 | C7: =SUM(ASFData!$C:$C) -> 69 | D7: =AVERAGE(ASFData!$C:$C) -> 6.9 | E7: =_xlfn.VAR.S(ASFData!$C:$C) -> 82.711111
A8: South America | B8: =COUNT(ASFData!$D:$D) -> 10 | C8: =SUM(ASFData!$D:$D) -> 72 | D8: =AVERAGE(ASFData!$D:$D) -> 7.2 | E8: =_xlfn.VAR.S(ASFData!$D:$D) -> 22.177778
A11: ANOVA
A12: Source of Variation | B12: SS | C12: df | D12: MS | E12: F | F12: P-value | G12: F crit
A13: Between Groups | B13: =B16-DEVSQ(ASFData!$A:$A)-DEVSQ(ASFData!$B:$B)-DEVSQ(ASFData!$C:$C)-DEVSQ(ASFData!$D:$D) -> 157.275 | C13: =J2-1 -> 3 | D13: =B13/C13 -> 52.425 | E13: =D13/D14 -> 1.5189537 | F13: =_xlfn.F.DIST.RT(E13,C13,C14) -> 0.22615938 | G13: =_xlfn.F.INV.RT(G17,C13,C14) -> 2.8662656
A14: Within Groups | B14: =B16-B13 -> 1242.5 | C14: =J3-COUNTA(ASFData!$1:$1) -> 36 | D14: =B14/C14 -> 34.513889
A16: Total | B16: =DEVSQ(ASFData!$A$1:$D$11) -> 1399.775 | C16: =C13+C14 -> 39
D17: Level of significance | G17: 0.05

Sheet ASFData2
A1: Asia | B1: Europe | C1: North America | D1: South America
A2: 61 | B2: 50 | C2: 66 | D2: 47
A3: 58 | B3: 44 | C3: 45 | D3: 43
A4: 52 | B4: 41 | C4: 39 | D4: 42
A5: 49 | B5: 40 | C5: 39 | D5: 40
A6: 47 | B6: 38 | C6: 35 | D6: 37
A7: 46 | B7: 38 | C7: 34 | D7: 35
A8: 46 | B8: 40 | C8: 32 | D8: 30
A9: 45 | B9: 40 | C9: 30 | D9: 27
A10: 44 | B10: 38 | C10: 30 | D10: 25
A11: 44 | B11: 37 | C11: 29 | D11: 20

Sheet TukeyKramer2
A1: OneWay
B3: Sample | C3: Sample | F3: Absolute | G3: Std. Error | H3: Critical
A4: Group | B4: Mean | C4: Size | E4: Comparison | F4: Difference | G4: of Difference | H4: Range | I4: =IF(B15="","Results are NOT valid until Q Statistic is entered into B15","Results") -> Results
A5: 1: Asia | B5: =ANOVA2!D5 -> 49.2 | C5: =ANOVA2!B5 -> 10 | E5: Group 1 to Group 2 | F5: =ABS($B$5-$B$6) -> 8.6 | G5: =SQRT(($B$14/2)*((1/$C$5)+(1/$C$6))) -> 2.5051613 | H5: =$B$15*$G$5 -> 9.0937357 | I5: =IF($F$5>$H$5,"Means are different","Means are not different") -> Means are not different
A6: 2: Europe | B6: =ANOVA2!D6 -> 40.6 | C6: =ANOVA2!B6 -> 10 | E6: Group 1 to Group 3 | F6: =ABS($B$5-$B$7) -> 11.3 | G6: =SQRT(($B$14/2)*((1/$C$5)+(1/$C$7))) -> 2.5051613 | H6: =$B$15*$G$6 -> 9.0937357 | I6: =IF($F$6>$H$6,"Means are different","Means are not different") -> Means are different
A7: 3: North America | B7: =ANOVA2!D7 -> 37.9 | C7: =ANOVA2!B7 -> 10 | E7: Group 1 to Group 4 | F7: =ABS($B$5-$B$8) -> 14.6 | G7: =SQRT(($B$14/2)*((1/$C$5)+(1/$C$8))) -> 2.5051613 | H7: =$B$15*$G$7 -> 9.0937357 | I7: =IF($F$7>$H$7,"Means are different","Means are not different") -> Means are different
A8: 4: South America | B8: =ANOVA2!D8 -> 34.6 | C8: =ANOVA2!B8 -> 10 | E8: Group 2 to Group 3 | F8: =ABS($B$6-$B$7) -> 2.7 | G8: =SQRT(($B$14/2)*((1/$C$6)+(1/$C$7))) -> 2.5051613 | H8: =$B$15*$G$8 -> 9.0937357 | I8: =IF($F$8>$H$8,"Means are different","Means are not different") -> Means are not different
E9: Group 2 to Group 4 | F9: =ABS($B$6-$B$8) -> 6 | G9: =SQRT(($B$14/2)*((1/$C$6)+(1/$C$8))) -> 2.5051613 | H9: =$B$15*$G$9 -> 9.0937357 | I9: =IF($F$9>$H$9,"Means are different","Means are not different") -> Means are not different
A10: Other Data | E10: Group 3 to Group 4 | F10: =ABS($B$7-$B$8) -> 3.3 | G10: =SQRT(($B$14/2)*((1/$C$7)+(1/$C$8))) -> 2.5051613 | H10: =$B$15*$G$10 -> 9.0937357 | I10: =IF($F$10>$H$10,"Means are different","Means are not different") -> Means are not different
A11: Level of significance | B11: =ANOVA2!G17 -> 0.05
A12: Numerator d.f. | B12: 4
A13: Denominator d.f. | B13: =ANOVA2!C14 -> 36
A14: MSW | B14: =ANOVA2!D14 -> 62.758333
A15: Q Statistic | B15: 3.63

Sheet ANOVA2
A1: OneWay | I1: Calculations
I2: c | J2: =COUNTA(ASFData2!$1:$1) -> 4
A3: SUMMARY | I3: n | J3: =SUM(B5:B8) -> 40
A4: Groups | B4: Count | C4: Sum | D4: Average | E4: Variance
A5: Asia | B5: =COUNT(ASFData2!$A:$A) -> 10 | C5: =SUM(ASFData2!$A:$A) -> 492 | D5: =AVERAGE(ASFData2!$A:$A) -> 49.2 | E5: =_xlfn.VAR.S(ASFData2!$A:$A) -> 35.733333
A6: Europe | B6: =COUNT(ASFData2!$B:$B) -> 10 | C6: =SUM(ASFData2!$B:$B) -> 406 | D6: =AVERAGE(ASFData2!$B:$B) -> 40.6 | E6: =_xlfn.VAR.S(ASFData2!$B:$B) -> 14.933333
A7: North America | B7: =COUNT(ASFData2!$C:$C) -> 10 | C7: =SUM(ASFData2!$C:$C) -> 379 | D7: =AVERAGE(ASFData2!$C:$C) -> 37.9 | E7: =_xlfn.VAR.S(ASFData2!$C:$C) -> 122.76667
A8: South America | B8: =COUNT(ASFData2!$D:$D) -> 10 | C8: =SUM(ASFData2!$D:$D) -> 346 | D8: =AVERAGE(ASFData2!$D:$D) -> 34.6 | E8: =_xlfn.VAR.S(ASFData2!$D:$D) -> 77.6
A11: ANOVA
A12: Source of Variation | B12: SS | C12: df | D12: MS | E12: F | F12: P-value | G12: F crit
A13: Between Groups | B13: =B16-DEVSQ(ASFData2!$A:$A)-DEVSQ(ASFData2!$B:$B)-DEVSQ(ASFData2!$C:$C)-DEVSQ(ASFData2!$D:$D) -> 1172.475 | C13: =J2-1 -> 3 | D13: =B13/C13 -> 390.825 | E13: =D13/D14 -> 6.2274598 | F13: =_xlfn.F.DIST.RT(E13,C13,C14) -> 0.0016163901 | G13: =_xlfn.F.INV.RT(G17,C13,C14) -> 2.8662656
A14: Within Groups | B14: =B16-B13 -> 2259.3 | C14: =J3-COUNTA(ASFData2!$1:$1) -> 36 | D14: =B14/C14 -> 62.758333
A16: Total | B16: =DEVSQ(ASFData2!$A$1:$D$11) -> 3431.775 | C16: =C13+C14 -> 39
D17: Level of significance | G17: 0.05

Sheet DATA
A1: Asia | B1: Europe | C1: North America | D1: South America
A2: 61 | B2: 50 | C2: 66 | D2: 47
A3: 58 | B3: 44 | C3: 45 | D3: 43
A4: 52 | B4: 41 | C4: 39 | D4: 42
A5: 49 | B5: 40 | C5: 39 | D5: 40
A6: 47 | B6: 38 | C6: 35 | D6: 37
A7: 46 | B7: 38 | C7: 34 | D7: 35
A8: 46 | B8: 40 | C8: 32 | D8: 30
A9: 45 | B9: 40 | C9: 30 | D9: 27
A10: 44 | B10: 38 | C10: 30 | D10: 25
A11: 44 | B11: 37 | C11: 29 | D11: 20
